{
  "pages": [
    {
      "path": "pages/login/login",
      "style": {
        "navigationStyle": "custom"
      }
    },
    {
      "path": "pages/order/order",
      "style": {
        "navigationBarTitleText": "订单列表",
        "enablePullDownRefresh": true
      }
    },
    {
      "path": "pages/orderDetail/orderDetail",
      "style": {
        "navigationBarTitleText": "订单详情"
      }
    },
    {
      "path": "pages/work/work",
      "style": {
        "navigationBarTitleText": "工作状态"
      }
    },
    {
      "path": "pages/mine/mine",
      "style": {
        "navigationBarTitleText": "我的绩效",
        "enablePullDownRefresh": true,
        "onReachBottomDistance": 100
      }
    },
    {
      "path": "pages/pay/pay",
      "style": {
        "navigationBarTitleText": "确认账单"
      }
    },
    {
      "path": "pages/paySucc/paySucc",
      "style": {
        "navigationBarTitleText": "支付成功"
      }
    },
    {
      "path": "pages/comment/comment",
      "style": {
        "navigationBarTitleText": "评价"
      }
    },
    {
      "path": "pages/share/share",
      "style": {
        "navigationBarTitleText": ""
      }
    },
    {
      "path": "pages/getShare/getShare",
      "style": {
        "navigationBarTitleText": ""
      }
    },
    {
      "path": "pages/auth/auth",
      "style": {
        "navigationBarTitleText": ""
      }
    }
  ],
  "tabBar": {
    "color": " #4A4A4A",
    "selectedColor": "#B09E85",
    "borderStyle": "white",
    "backgroundColor": "#ffffff",
    "list": [
      {
        "pagePath": "pages/order/order",
        "text": "订单列表",
        "iconPath": "static/tab_list.png",
        "selectedIconPath": "static/tab_list_checked.png"
      },
      {
        "pagePath": "pages/work/work",
        "text": "工作状态",
        "iconPath": "static/tab_work.png",
        "selectedIconPath": "static/tab_work_checked.png"
      },
      {
        "pagePath": "pages/mine/mine",
        "text": "我的",
        "iconPath": "static/tab_mine.png",
        "selectedIconPath": "static/tab_mine_checked.png"
      }
    ]
  },
  "globalStyle": {
    "navigationBarTextStyle": "black",
    "navigationBarTitleText": "静享",
    "navigationBarBackgroundColor": "#FFFFFF",
    "backgroundColor": "#F9F9F9"
  }
}